#,RDP Reference,Status,KPI Category,Definition (KPI),KPI Drivers - Initial input (Alix Partners),KPI Drivers as of 2.10.2025,"1. Board to 
Front line",2. Finance Co-owned,3. Embed policy-as-code,4. Standardized semantics,5. Integrate AI KPIs,"Driver Weighting
OPTIONAL",KPI Drivers ,Quality Criteria (1=Low),Quality Criteria (2=Low-Medium),Quality Criteria (3=Medium),Quality Criteria (4=Medium-High),Quality Criteria (5=High),
1,,confirmed,Strategy,Strategic alignment- aligning growth and margin strategy to needs.,Does the company have an AI strategy?,Does the company have an AI strategy? ,,,,,,,What is the maturity of the Companies AI Strategy?,"AI used sporadically, no formal strategy, limited business alignment.","Standalone AI projects, emerging roadmap, early data efforts but not integrated organization-wide.","Defined AI strategy aligned to business, cross-functional teams, enterprise data management, basic governance.","AI scaled across functions, mature data and ML platforms, KPIs tracked, workforce skilled, formal ethics.","AI is core to business model, continuous optimization, differentiated innovation, automated governance, and measurable impact.",
2,,confirmed,Strategy,Strategic alignment- aligning growth and margin strategy to needs.,Percentage of AI initiatives with outcomes tied to measurable business KPIs.,Percentage of AI initiatives with outcomes tied to measurable business KPIs.,,,,,,,"Evidence of AI initiatives with reported impact on key metrics (efficiency, CX, cost, or revenue)",No public evidence of AI impact,Only vague qualitative mentions (e.g. “AI improves customer experience”),1–2 specific examples with some evidence of business benefit,"Several initiatives with partial quantification (efficiency, cost, or CX impact)",Multiple initiatives with clearly quantified and recurring impact across business lines,
3,,confirmed,Strategy,Strategic alignment- aligning growth and margin strategy to needs,C-level statements about AI Strategy,C-level statements about AI Strategy,x,,,,,,Does the company’s C-level publicly communicate a defined AI strategy?,No public signals of stakeholder commitment to AI‑driven change.,"High‑level intent (e.g., upskilling plans) without governance, budget, or operating‑model changes.","Formal governance (e.g., AI council) or CAIO appointment; initial budget lines or hiring push; launch of training program and partner MoUs.","Cross‑functional operating model with clear RACI; disclosed reskilling targets (e.g., ≥1,000 employees), regulatory/ethics engagement, and signed multi‑year partner agreements to support rollout.","Board‑level oversight (committee/charter), public change KPIs (e.g., % workforce trained, adoption rates), union/regulator agreements where relevant, and multi‑year funding commitments with progress updates in filings.", 
4,19,confirmed,Strategy,Strategic alignment- aligning growth and margin strategy to needs,Presence of AI talent/experience on the Board,Presence of AI talent/experience on the Board,,,,,,,Are there board members with proven AI expertise?,Zero directors with AI/ML/data expertise.,One director with general tech/IT background; limited direct AI experience.,"≥1 director with substantive AI/ML/data leadership (e.g., led DS/ML at major tech) or recognized academic AI credentials; sporadic mention of board AI oversight.","≥2 directors with strong AI/ML credentials OR a formal board committee with AI in its remit (e.g., Technology & Innovation/Risk) and disclosed oversight responsibilities.",≥3 directors with AI/ML track records AND an active board committee overseeing AI strategy/risk/ethics; regular AI reporting in the annual report and participation in external AI governance forums., 
5,,confirmed,Strategy,Trust and change management- secure stakeholder buy-in to drive change,"AI communications in social media, white papers (volume and boldness of messaging), limit to G7 or primary markets","AI communications in social media, white papers (volume and boldness of messaging), limit to G7 or primary markets",,,,,,,"How proactive and impactful is the company’s public AI messaging (social, white papers) in core markets?",≤2 items in last 12 months; generic messaging; no metrics or named partners/customers.,3–5 items; mostly marketing; limited telecom specificity; few quantified claims.,"6–10 items; includes ≥1 white paper or major conference talk (e.g., MWC, TM Forum) with telecom use‑case detail; at least one piece with quantified impact.","11–20 items; steady multi‑channel cadence; several case studies with metrics (e.g., AHT↓, energy↓), named partners/customers, and earned‑media pickup.",">20 items; sustained multi‑channel presence; bold, target‑backed claims (e.g., care deflection ≥20%, RAN energy ↓ ≥10%), multiple reference customers, open‑sourced assets/benchmarks, and third‑party awards.", 
6,"5, 28",confirmed,Strategy,Use Case Selection- Target high impact use cases,Number of use cases  and alignment with strategic priorities,Number of use cases  and alignment with strategic priorities,,,,,,,"What is the number of documented AI use cases, and how well are they aligned with business strategy?",0 disclosed AI use cases.,"1–2 isolated pilots (e.g., basic chatbot or RPA) with no explicit link to telecom strategy.","3–5 disclosed use cases (e.g., churn prediction, network anomaly alerts, SIM‑fraud detection) with limited/implicit strategic linkage; mixed pilot/production status.","6–10 use cases spanning ≥3 domains (customer care, network/SRAN, field ops, B2B) with explicit ties to 5G rollout, CX/NPS, OPEX/energy; several in production with metrics.",">10 use cases across portfolio (care automation/FCR/AHT, proactive outage prevention/MTTR, SON/RAN energy optimization, predictive maintenance, enterprise SLA assurance, sales NBA) with strong strategic linkage and analyst‑recognized business impact.", 
7,20,confirmed,Strategy,Adoption speed of AI solutions,When were the first AI solutions executed?,When were the first AI solutions executed?,,,,,,,How long has the company had operational AI solutions in place?,No public evidence of executed AI solutions as of today; only roadmap language or experiments without dates/results.,First externally evidenced execution 2023–2025 (late adopter).,First externally evidenced execution 2020–2022 (follower).,First externally evidenced execution 2017–2019 (early adopter within telco).,"First externally evidenced execution ≤2016 (pioneer), and evidence of continuity (at least one AI project referenced in external sources in ≥3 different years since 2018).", 
8,,confirmed,Strategy,Long term AI Roadmap,,,x,,,,,,"Presence and clarity of a publicly communicated AI roadmap outlining long-term objectives, milestones, and investment priorities.",No roadmap or only vague statements.,Draft or internal roadmap; limited scope.,Public roadmap with some milestones but unclear ownership or KPIs.,"Comprehensive roadmap with defined goals, milestones, and periodic updates.","Enterprise-wide, integrated AI roadmap with measurable milestones, funding alignment, and executive accountability.", 
9,,confirmed,Execution,AI Funding,,,,x,,,,,"To what extent does the organization allocate and scale financial, human, and technological resources to AI initiatives in a way that delivers measurable business outcomes?",Minimal or ad-hoc resource allocation.,Small budgets/pilots; inconsistent tracking.,Dedicated AI funding and teams in select areas; some business outcomes measured.,Sustained resource scaling across functions; measurable ROI for major initiatives.,"Systematic enterprise allocation tied to KPIs, ROI dashboards, and continuous reprioritization.", 
10,,confirmed,Execution,"AI building- build tailored, practical AI models","Type of technology, AI model (include agentic AI) point in time implementation or agents Maturity of agentic workforce within the operating model. ","Type of technology, AI model (include agentic AI) point in time implementation or agents Maturity of agentic workforce within the operating model. ",,,,,,,"What AI technologies/models are used, and what is the maturity of agent-based AI integrations in business operations?",Only generic analytics/RPA publicly visible; no LLM/agent pilots; 0 job postings citing LLM/RAG/agent frameworks.,One‑off ML/LLM pilot disclosed; vendor‑led POC; 1–2 job postings mention LLM/RAG; no agentic workforce evidence.,Classical ML plus ≥1 LLM/RAG pilot in CX or knowledge search; early assistive “copilot” for employees; 3–5 job postings cite LLM/RAG; one public case study.,"Production LLM/RAG in ≥2 domains (e.g., care deflection + field ops) and initial agentic automations (e.g., ticket triage); ≥2 case studies and ≥6 job postings referencing agents/LLM ops; mentions of MLOps/tooling.","Agentic architecture embedded in operating model (multi‑agent workflows in care, network assurance, field ops) with governance; >3 public references and ≥10 job postings citing agent frameworks; analyst/award recognition and reported KPI gains.", 
11,"1, 17",confirmed,Execution,"AI building- build tailored, practical AI models","Has implementation been primarily an in-house development or partnership model? In-house or outsource some risk, external expertise","Has implementation been primarily an in-house development or partnership model? In-house or outsource some risk, external expertise",,,,,,,"Is AI development mainly in-house or partnership-based, and how does this affect risk and expertise?",Single‑vendor POCs; no internal AI platform/team publicly evident; no multi‑year alliances.,Vendor‑led pilots with staff augmentation; 1–2 named partners; limited internal ownership.,"Hybrid approach with internal product owner and partner build; ≥2 named partners (e.g., hyperscaler + OSS/BSS); initial internal ML/data hires visible.","Clear build‑buy‑partner strategy: public internal AI platform, ≥3 strategic partners, joint case studies, early co‑development/IP sharing.","Balanced model: robust in‑house platform/CoE plus ≥4 strategic partners (hyperscaler, network vendors, SI); multiple co‑developed assets, open‑source/patents, and long‑term funding disclosed.", 
12,"5,6,7, 28",confirmed,Execution,Business deployment- integration into on-going operations,Nature of AI use cases- Does the model integrate into business processes or is it a stand-alone?,Nature of AI use cases- Does the model integrate into business processes or is it a stand-alone?,,,,,,,"Are AI use cases integrated into core business processes, or do they operate as standalone projects?",Stand‑alone tools/demos; no links to OSS/BSS/CRM or operational workflows.,"Partial integration in a single function (e.g., basic chatbot) without process KPIs.","Integrated into ≥2 processes (e.g., CRM next‑best‑offer, NOC anomaly triage) with published process KPIs; limited automation.","Deep integration across ≥3 processes with closed‑loop actions (e.g., auto‑ticketing/dispatch); case studies cite AHT/FCR/MTTR improvements; visible change‑management.","Enterprise‑wide integration across customer, network, and field ops with policy/guardrails; external reports show sustained KPI gains and automated rollback/approval workflows.", 
13,"5, 28",confirmed,Execution,Performance and ROI tracking,"Number Use case with ROI stated, and what ROI was, how long it took to be achieved","Number Use case with ROI stated, and what ROI was, how long it took to be achieved",x,,,,,,Total number of documented AI use cases implemented by the company,1–5 use cases,6–15 use cases,16–30 use cases,31–60 use cases,More than 60 use cases (broad enterprise-wide deployment), 
14,,confirmed,Execution,Performance and ROI tracking,Use cases- Number of disclosed AI use cases,Use cases- Number of disclosed AI use cases,x,x,,,x,,"Number of AI use cases demonstrating measurable financial impact (e.g., revenue, cost, or efficiency gains)",<10% of use cases show measurable impact,10–25% of use cases show measurable impact,26–50% of use cases show measurable impact,51–75% of use cases show measurable impact,>75% of use cases show measurable impact, 
15,21,confirmed,Execution,Performance and ROI tracking,,,x,,,,,,"To what extent has the company achieved measurable workforce efficiency through AI or GenAI — such as automation, task augmentation, or optimized hiring — resulting in stable or increased output with equal or fewer FTEs?",Limited impact: <10% improvement in a defined function or <5% automation of interactions; no measurable productivity gain.,"Localized impact: 10–20% productivity improvement OR 5–15% automation/deflection in specific workflows (e.g., care, networks, IT).",Functional impact: 20–30% improvement in one major function OR 15–25% automation across multiple workflows.,"Multi-function impact: documented efficiency gains in 2–3 major functions, with 20–40% automation/augmentation and measurable throughput increase.",Enterprise impact: >40% automation or augmentation in several functions; measurable enterprise-wide productivity uplift; hiring avoided at scale (>5–10% workforce equivalent)., 
16,,confirmed,Execution,Performance and ROI tracking,Number of use cases with financial value,Number of use cases with financial value,x,x,,,x,,Proportion of AI use cases that are ROI-positive (benefits exceed total costs),<5% ROI-positive,5–15% ROI-positive,16–30% ROI-positive,31–50% ROI-positive,>50% ROI-positive, 
17,22,confirmed,Execution,Continuous learning and improvement. Refine models with new attributes and data,"New functionality releases, build on from foundational model","New functionality releases, build on from foundational model",,,,,,,How frequently does the company release new AI-based functionalities or model improvements?,No new AI functionality released publicly in the last 12 months.,1 minor feature release (pilot scale) not clearly built on a foundation model.,"2–3 releases enhancing a foundation/LLM (e.g., RAG, prompt library, new telco intents); ≥1 in production.",3–4 releases/year building on the same foundation (versioned upgrades) across ≥2 domains; integration/API extensions noted.,≥5 releases/year with roadmap transparency; multi‑language/country rollout; extensions (tools/agents) on a stable foundation model; external references and adoption metrics., 
18,,confirmed,Execution,Rollout and Usage,N/A,N/A,,,,,,,"To what extent has the company operationalized AI — demonstrating tangible rollout and active usage of AI or GenAI in core business operations, workflows, or decision processes at scale?","Up to 4 pilots and 1 scaled use cases; <5% of processes or workforce uses artificial intelligence; no monitoring, no service levels, and no centralized governance.",2–8 scaled use cases in 1 function; 15–25% of processes or workforce uses artificial intelligence; basic and inconsistent operational procedures with limited documentation.,"8–15 scaled use cases across 2–3 functions; 25–50% of processes or workforce uses artificial intelligence; core operations in place including model registry, monitoring, retraining triggers, and documented incidents.","15–25 scaled use cases across 4–7 functions and multiple regions; 50–80% of processes or workforce uses artificial intelligence; standardized operations including automated testing, drift detection, formal approvals, and regular leadership reporting.",">25 scaled use cases across ≥8 functions and several countries; >80% of processes or workforce uses artificial intelligence; enterprise-grade operations with high reliability, strict quality controls, independent audits, and finance-confirmed business impact.", 
19,,confirmed,Technical,Data- secure and expand data,Appointment of a Chief Data Officer (or Data Leadership title equivalent),Appointment of a Chief Data Officer (or Data Leadership title equivalent),,,,,,,Has the company appointed a dedicated Chief Data Officer or equivalent position - exclusivly related to Governance?,No named CDO/data leadership role; no public data‑governance or AI/data policy references.,"Senior data leader exists (e.g., VP/Head) but not enterprise‑wide; reports under IT; limited public mandate; ≤2 relevant data/ML governance job postings in last 12 months.",Named CDO/CDO‑equivalent appointed (≤36 months) with enterprise data‑governance scope; data policy/standards mentioned in filings or website; 3–5 related postings.,"Enterprise CDO with board/exec oversight, data council, and published governance (catalog, quality, privacy); ≥6 postings for data/ML platform/governance; references to a standardized data platform.",Mature model: CDO reporting to CEO/CFO/CTO; board or committee oversight; periodic public reporting on data/AI governance; evidence of standardized data platform across markets/brands., 
20,,confirmed,Technical,Data- secure and expand data,,,,,,,,,"To what extent has the company maintained data security and confidentiality in its AI operations — including the presence or absence of data breaches, leaks, or other security incidents over the past five years?",Repeated or major data breaches; weak controls.,One or more incidents with partial remediation.,Managed risk; isolated incidents handled effectively.,No incidents in past five years; strong controls and certifications.,"Proactive AI-specific security, independent audits, real-time monitoring; spotless record.", 
21,,confirmed,Technical,Data Strategy and Architecture,,,,,,x,,,"To what extent has the company established a mature, enterprise-wide data strategy and foundational architecture that effectively supports AI development and deployment?",No coherent data strategy or architecture.,Fragmented data initiatives; limited AI readiness.,Central data architecture under development; partial AI enablement.,Established enterprise data strategy enabling scalable AI.,"Fully integrated, adaptive data architecture governed enterprise-wide with AI readiness by design.", 
22,,confirmed,Technical,Data integration and interoperability,,,,,,x,,,To what extent does the company integrate and harmonize data from diverse internal and external sources to make it efficiently usable for AI and analytics applications?,Data silos; no integration.,Basic ETL or manual data joins.,Integration across key systems; moderate usability for AI.,Automated pipelines; unified data lake/mesh; strong usability.,"Near-real-time data integration, governed metadata, external + internal harmonization.", 
23,,confirmed,Technical,Infrastructure Scalability and Performance,,,,,,,,,"To what extent is the company’s hardware and cloud infrastructure capable of handling expanding AI workloads with high responsiveness, scalability, and cost-efficiency?",Infrastructure outdated or on-prem only.,Partial cloud use; scalability limits.,Modern infrastructure but cost/latency issues.,Scalable hybrid/cloud infra optimized for AI loads.,"Elastic, cost-optimized AI infrastructure with auto-scaling and performance monitoring.", 
24,,confirmed,Technical,Technology & Analytics platforms,,,,,,,,,"To what extent has the company adopted modern, enterprise-grade analytics and AI platforms that streamline model development, deployment, monitoring, and lifecycle management?",No standard AI/analytics platform.,Tools exist but fragmented; manual processes.,Unified platform adopted by some teams.,Enterprise-wide standardized AI platform with MLOps tooling.,"Fully integrated AI ecosystem with governance, automation, and continuous model ops.", 
25,,confirmed,Technical,MLOps and Model Management,,,x,,x,,,,"To what extent are the company’s processes and tools for developing, deploying, monitoring, and improving ML models mature, automated, and aligned with production standards?","Manual, experimental workflows.",Basic CI/CD; inconsistent monitoring.,Defined MLOps pipeline in select teams.,"Automated, monitored ML lifecycle with versioning and QA.",Enterprise-grade continuous ML ops with feedback loops and A/B governance., 
26,,confirmed,Technical,Data security & Privacy,,,,,x,,,,"To what extent has the company implemented robust mechanisms that safeguard data against unauthorized access or misuse, ensuring compliance with privacy and security regulations (e.g., GDPR, CCPA)?",No compliance controls; violations reported.,Basic policies; partial compliance.,Formal compliance framework with periodic audits.,"Certified, organization-wide compliance with privacy laws.","Continuous monitoring, privacy-by-design, AI-specific compliance automation.", 
27,,confirmed,Technical,Legacy System modernization and integration,,,,,,,,,To what extent is the company modernizing or integrating legacy systems into its current data and AI architecture to eliminate bottlenecks and data silos?,Legacy systems dominate; no integration plan.,Partial modernization projects.,System upgrades underway; partial AI connectivity.,Majority modernized; API-based interoperability.,"Fully integrated, API-driven, cloud-native environment; no functional silos.", 
28,,confirmed,Technical,Emerging Tech Adoption (AI-adjacent),,,,,,,,,"To what extent does the company explore and adopt complementary frontier technologies (e.g., IoT, blockchain, edge computing, AR/VR, quantum computing) that enhance or expand AI capabilities?",No exploration of emerging tech.,Ad-hoc R&D pilots.,Regular experimentation in some areas.,Active multi-tech adoption supporting AI value creation.,"Strategic, scaled integration of frontier tech with measurable AI synergies.", 
29,8,confirmed,Technical,Technology- build or buy scalable AI infrastructure,Investments in AI-focused companies,Investments in AI-focused companies,,,,,,,Has the company invested in AI-focused startups or technology companies?,0 publicly disclosed AI investments or CVC activity in last 36 months.,1 small AI investment or accelerator participation disclosed; limited detail on use-case fit.,"2–3 AI investments disclosed (last 36 months) with at least one telco-relevant use case (e.g., network AI, CX GenAI); basic integration pilots mentioned.","4–6 AI investments; portfolio spans multiple telco domains (OSS/BSS, RAN, CX); co-development or joint GTM announcements with milestones.",>6 AI investments and an active CVC program; follow-on rounds or exits; portfolio companies referenced in deployments/case studies with measurable impact., 
30,4,confirmed,Technical,Technology- build scalable AI infrastructure,Acquisitions of AI-focused companies,Acquisitions of AI-focused companies,,,,,,,Has the company acquired any AI-focused firms in recent years?,No AI-focused acquisitions disclosed in last 36 months.,1 acquihire or minor AI acquisition disclosed; limited integration evidence.,"1–2 AI acquisitions with clear telco applicability (e.g., model monitoring, network analytics) and initial post-merger integration milestones.","≥2 AI acquisitions integrated into platforms/processes within 12–18 months; public case studies/benefits (e.g., MTTR↓, energy↓).","≥3 AI acquisitions with demonstrable integration across markets/domains (OSS/BSS, network, CX) and disclosed synergy metrics or analyst recognition.", 
31,4,confirmed,Technical,Technology- build scalable AI infrastructure,Acquisitions of AI-focused tools,Acquisitions of AI-focused tools,,,,,,,"Has the company acquired AI-specific tools, platforms, or software assets?",0–1 named AI tools/platforms publicly referenced; activity limited to trials/POCs.,"2–3 named tools adopted (e.g., model serving or vector DB) but limited integration; no reference architecture; vendor-led pilots.","3–5 named tools in production across ≥3 categories (e.g., feature store, MLOps, monitoring, vector DB, orchestration); at least one vendor case study.","6–8 tools rationalized under a reference architecture with APIs/SSO/RBAC; multi-domain usage (CX, network, field) and ≥2 public case studies.",>8 tools integrated as a coherent platform with centralized governance and observability; multi-country rollout and recurring third-party references/benchmarks., 
32,"1, 17",confirmed,Technical, Operations- set structure and automation,Partnerships with AI companies,Partnerships with AI companies,,,,,,,How extensive are the company’s partnerships with external AI vendors or startups?,0–1 active partnerships in last 24 months with verifiable activity; 0 strategic partners of material scale; no published use cases or technical outputs.,2–10 active partnerships with limited depth; 0–1 strategic partners; activity limited to pilots or proofs of concept without published results or customer adoption.,"11–20 active partnerships across 2–3 business areas; includes ≥1 strategic partner beyond standard cloud providers; at least 1 publicly demonstrated technical output (e.g., working prototype, documented architecture).",21–30 active partnerships across multiple functions and ≥2 countries; ≥2 strategic partners with deep engagement; ≥2 co-developed solutions with published technical milestones or early customer usage.,">30 active partnerships across global operations; ≥3 deep strategic partners with multi-year agreements; ≥3 commercially deployed solutions co-developed with partners, with measurable customer or financial outcomes, plus jointly developed intellectual property or patents.", 
33,18,confirmed,Organizational,"AI Team- hire, retain, engage AI talent",Job postings- number of open positions advertised in the public domain,Job postings- number of open positions advertised in the public domain,,,,,,,How many AI-related roles are publicly advertised in HR/job postings?,0–2 AI/ML/data roles posted in last 12 months; roles generic or contractor; little/no telco-domain language.,"3–10 postings; mainly one function; junior roles; sparse telco use‑case keywords (e.g., churn, NOC).","11–30 postings across DS/DE/MLE/AI PM; multi‑market; ads reference telco use cases (RAN, churn, CX bots).",31–75 postings incl. senior hires and MLOps; steady cadence; explicit OSS/BSS/RAN/NOC requirements.,">75 postings across multiple markets and job families (incl. Responsible AI, RAG, vector DB); sustained cadence and leadership roles.", 
34,,confirmed,Organizational,"AI Team- hire, retain, engage AI talent",Training- disclosed training efforts and breadth of the activity (public disclosure),Training- disclosed training efforts and breadth of the activity (public disclosure),,,,,,,"Communication of AI skill-building, academies, or employee enablement",No mention of AI training or skills initiatives,Generic training reference (non-AI-specific),"Named AI upskilling initiative (e.g., “AI Academy”)",Structured multi-level training for multiple roles or functions,"Published metrics on AI skill programs (participation, certifications, or results)", 
35,,confirmed,Organizational,"AI Team- hire, retain, engage AI talent",AI Team Leadership structure- number of leaders (percentage of Job Titles),AI Team Leadership structure- number of leaders (percentage of Job Titles),,,,,,,AI Team Leadership structure- number of leaders (percentage of Job Titles),<1% of AI/Data job titles; no evidence of a central AI owner or governance.,"1.0–2.0% of AI/Data job titles; roles are fragmented (e.g., only in IT or only in CX) with unclear cross‑network/product coverage.","2.0–3.5%; coverage across core functions (Data Science, Data Engineering, MLOps) and at least one domain leader (e.g., Network AI or AI Product). Evidence of a central accountable role (e.g., Head of AI/CDO).","3.5–5.0%; clearly defined AI governance/CoE and domain leads for network, IT, and commercial; external references to steering committees or operating models.",">5.0%; multi‑regional or BU‑embedded leadership (network, enterprise, consumer, platform) plus platform/ethics/security leads; external recognition of structure (analyst notes, org announcements).", 
36,,confirmed,Organizational,"AI Team- hire, retain, engage AI talent",AI Team Leadership structure- number of leaders (in number),AI Team Leadership structure- number of leaders (in number),,,,,,,AI Team Leadership structure- number of leaders (in number),No named AI/ML leaders beyond manager level; ad‑hoc reporting lines.,"Single functional leader (e.g., Head of Data Science) with limited enterprise scope.","2–3 leaders (e.g., Data Eng, DS, AI Product) with a visible CoE and BU liaisons.","4–5 leaders covering DS, DE, MLOps/Platform, AI Product, Responsible AI; cross‑functional governance (RACI) disclosed.",>5 leaders incl. group‑level and in‑country leads; formal AI operating model with enterprise CoE and federated pods., 
37,,confirmed,Organizational,"AI Team- hire, retain, engage AI talent",Appointment of Chief AI Officer ,Appointment of Chief AI Officer ,x,,,,,,Has a formal Chief AI Officer role been established?,No CAIO (or equivalent) appointed; AI responsibilities fragmented.,CAIO or equivalent referenced but scope/seniority unclear; limited public updates.,"CAIO appointed ≤24 months with defined remit; initial roadmap, budget or hiring plans mentioned.",CAIO with direct line to CEO/CTO/CDO; AI council in place; regular external updates on milestones.,CAIO with board‑level oversight; enterprise KPIs tied to AI published; external recognition (awards/analyst notes)., 
38,,confirmed,Organizational,"AI Team- hire, retain, engage AI talent","Job titles- number of employees in AI Development, Data Engineering, AI Software implementation, AI product management (other roles to be discussed) - Experience description demonstrates AI skill base or focus (percentage of total employees)","Job titles- number of employees in AI Development, Data Engineering, AI Software implementation, AI product management (other roles to be discussed) - Experience description demonstrates AI skill base or focus (percentage of total employees)",,,,,,,"What percentage and number of staff work in AI development, data engineering, AI product management, etc.?",<0.10% of employees in these roles; many titles lack AI‑specific skills in descriptions.,"0.10–0.30%; pockets of capability, limited standardization of AI skill requirements in job ads/profiles.","0.30–0.70%; balanced coverage across AI Dev, Data Eng, AI SW implementation, AI Product; recurring skills (ML pipelines, MLOps, model monitoring) visible externally.","0.70–1.50%; roles distributed across network, IT, and commercial; consistent senior/principal postings; visible internal communities or platform teams.",">1.50%; mature talent pyramid (principal scientists, staff engineers, product leads); sustained hiring velocity; clear external branding around AI careers.", 
39,10,confirmed,Organizational,"AI Team- hire, retain, engage AI talent","Job titles- number of employees in AI Development, Data Engineering, AI Software implementation, AI product management (other roles to be discussed) - Experience description demonstrates AI skill base or focus (in number)","Job titles- number of employees in AI Development, Data Engineering, AI Software implementation, AI product management (other roles to be discussed) - Experience description demonstrates AI skill base or focus (in number)",,,,,,,"Job titles- number of employees in  (1. AI & ML Engineering 2. Data & Analytics, 3. NLP & Generative AI, 4. AI Product & Strategy) ",<20 employees on public LinkedIn profiles with AI/DS/ML/Data Eng titles.,20–99 employees with AI/DS/ML/Data Eng titles; limited seniority/market coverage.,"100–249 employees across DS, DE, MLE, AI PM; some senior/principal roles.",250–499 employees incl. MLOps/Platform and Responsible AI roles; multi‑market presence.,"≥500 employees across mature job families (DS, DE, MLE, MLOps, AI PM, Responsible AI); broad geographic coverage.", 
40,3,confirmed,Organizational,Org Structure- Structure AI organization,Research- size of the AI research team (percentage of Job Titles),Research- size of the AI research team (percentage of Job Titles),,,,,,,What percentage and count of AI-specific researchers are at the company?,"<0.02% of employees in AI research; minimal/no publications, open‑source, or patent activity.","0.02–0.05%; sporadic outputs (e.g., occasional preprints, limited patent filings), few telecom‑specific topics.","0.05–0.10%; formal research group announced; steady output (e.g., ≥2 peer‑reviewed items/year or ≥5–20 AI‑related patents) with at least one telecom domain.","0.10–0.20%; multi‑site lab or university partnerships; sustained output (e.g., ≥5 peer‑reviewed items/year or ≥20–50 AI patents), OSS/tooling releases, conference presence.",">0.20%; recognized research lab with regular top‑venue publications (≥10/yr) and >50 AI patents; visible telecom collaborations (e.g., O‑RAN, ETSI, TIP) and joint projects with vendors/academia.", 
41,3,confirmed,Organizational,Org Structure- Structure AI organization,Research- size of the AI research team (in number),Research- size of the AI research team (in number),,,,,,,Research- size of the AI research team (in number),0–2 researchers publicly identifiable; no publications/patents.,3–5 researchers; minimal public output (posters/blogs).,6–10 researchers; ≥1 patent or peer‑reviewed/conference paper; collaboration with vendor/university.,11–25 researchers; multiple publications/patents; contributions to TM Forum/ETSI/3GPP/ITU or open‑source.,>25 researchers; dedicated lab(s); sustained publications/patents and leadership in industry/academic forums., 
42,11,confirmed,Organizational,Org Structure- Structure AI organization,What department ?owns? AI strategy? Do they have a tech department that has its own Board member?,What department “owns” AI strategy? Do they have a tech department that has its own Board member?,x,,,,x,,Presence of clear governance or accountability for AI strategy,No visible governance or accountability,AI ownership implied under IT/Digital,"Defined AI ownership (e.g., under CTO/CDO)",Formal AI strategy function or Responsible AI framework published,Board-level AI committee or executive oversight of AI risk and ethics disclosed, 
43,"12, 26",confirmed,Organizational,"Compliance- Uphold standards, ensure compliance","AI Ethics role appointed at company, AI risk and management","AI Ethics role appointed at company, AI risk and management",,,x,,,,Has the company appointed an executive or function dedicated to AI ethics and risk?,"No public AI ethics role, policy, or process.",Ethics responsibilities assigned part‑time; generic principles statement only.,"Dedicated Responsible AI lead or committee; published policy and high‑level risk process (e.g., DPIA templates).","Central RAI function with review gates (bias/privacy/robustness), model register, and staff training; regulator engagement noted.",Independent oversight with periodic transparency reports; measurable risk KPIs; participation in external standards bodies., 
44,,confirmed,Organizational,"Compliance- Uphold standards, ensure compliance",Compliance with AI regulations,Compliance with AI regulations,,,,,,,How well does the company report compliance with AI-related regulations?,No public mention of AI regulatory compliance/readiness.,General commitment to comply; no frameworks or controls described.,"Public mapping to a framework (e.g., NIST AI RMF) and readiness plan for applicable laws (e.g., EU AI Act); DPO/legal involvement stated.","Documented processes for high‑risk AI, supplier requirements, and internal audits; cross‑border compliance addressed.","Independent assessments/certifications (e.g., ISO/IEC 42001 when applicable); regulator engagement and annual compliance reporting.", 
45,"12, 26",confirmed,Organizational,"Compliance- Uphold standards, ensure compliance",Partnership with AI Ethics organizations like IAPP,Partnership with AI Ethics organizations like IAPP,,,,,,,Does the company collaborate with leading AI ethics organizations?,No memberships or partnerships with AI ethics/privacy organizations.,"Membership in one association (e.g., IAPP/IEEE/PAI); limited activity.",Memberships in multiple bodies with event participation or training programs.,Active roles in working groups; co‑authored guidance or case studies; recurring conference talks.,"Leadership roles (chairs/board), pilots/benchmarks with partners, and external recognition/awards.", 
46,11,confirmed,Organizational,"Compliance- Uphold standards, ensure compliance",Governance documents published on AI deployment,Governance documents published on AI deployment,x,,,,,,"Does the company publish clear governance documents outlining AI and Data use, deployment, and controls?",No AI governance documentation published.,Brief policy mention in a code of conduct; no operational detail.,"Dedicated Responsible AI page with policies covering HIL, testing, and escalation at high level.","Detailed governance covering risk tiers, bias/privacy metrics, human oversight, vendor requirements, and model inventory; periodic updates.",Comprehensive manual plus dashboards/audit summaries and incident learnings; public updates at least annually., 
47,,confirmed,Organizational,Employee well-being and engagement in AI Transformation,N/A,N/A,,,,,,,To what extent does the company actively support employee well-being and engagement throughout its AI transformation journey?,Employees experience stress or resistance; no well-being initiatives in AI programs.,Ad-hoc well-being actions during AI rollouts.,Well-being mentioned in transformation plans; limited measurement.,Structured well-being and engagement initiatives linked to AI change programs.,Continuous monitoring of engagement and well-being; embedded into AI governance., 
48,,confirmed,Organizational,International & Multicultural Collaboration,N/A,N/A,,,,,,,How effectively does the organization foster international and multicultural collaboration in AI development and deployment?,No global collaboration or diverse representation.,Occasional international collaboration in isolated projects.,Some cross-country teams or regional exchanges.,Regular multinational AI collaboration with cultural inclusion policies.,Deeply multicultural AI teams; global co-development and inclusive design embedded., 
49,,confirmed,Organizational,Organizational Culture and AI Mindset,N/A,N/A,,,,,,,How strongly is an AI-driven and innovation-oriented mindset embedded in the company’s organizational culture?,AI seen as IT tool; low awareness and cultural alignment.,Growing interest but mindset limited to tech teams.,Broader cultural awareness and experimentation encouraged.,AI mindset integrated into values and management principles.,Company-wide AI-first mindset with continuous innovation culture., 
50,,confirmed,Organizational,Change Management and Communication,N/A,N/A,,,,,,,How mature and effective are the company’s change management and communication practices in enabling AI adoption?,No structured change communication or leadership alignment.,Reactive communication; limited stakeholder buy-in.,Defined change processes for some AI projects.,Company-wide change management framework supporting AI adoption.,"Fully institutionalized change management with transparent, ongoing communication.", 
51,11,confirmed,Organizational,Cross-Functional Collaboration and Governance,N/A,N/A,x,,,x,x,,How well are cross-functional collaboration and governance structures established to coordinate AI initiatives across departments?,"Siloed initiatives, no AI governance.","Informal collaboration, unclear ownership.",Some shared governance committees and cross-functional pilots.,Defined governance model and collaborative workflows.,Fully integrated cross-functional AI governance with clear accountability and shared KPIs., 
52,,confirmed,Organizational,AI Literacy and Knowledge Sharing,N/A,N/A,,,,,,,To what degree has the company built AI literacy and encouraged knowledge sharing across the workforce?,No AI training or awareness.,Basic introductory learning for limited staff.,Regular training for key roles; informal sharing.,Structured AI learning and internal communities of practice.,"Enterprise-wide AI literacy programs, knowledge platforms, and culture of peer sharing.", 
53,,confirmed,Organizational,Cultural Readiness for Data-Driven Transformation,N/A,N/A,,,,,,,How ready is the company’s culture to embrace data-driven decision-making and continuous AI-enabled improvement?,Decisions made by intuition; resistance to data use.,Some leadership support for data use.,Increasing reliance on data in specific functions.,Data-driven culture promoted through leadership and tools.,Organization-wide belief and behavior rooted in data-driven and AI-enhanced decisions., 
54,,confirmed,Organizational,Community and Social Responsibility,N/A,N/A,,,,,,,How does the company integrate community engagement and social responsibility into its AI initiatives?,No awareness of social or community impact.,Minimal CSR efforts loosely connected to AI.,Defined social responsibility principles for AI.,Regular community engagement and ethical impact assessments.,"Transparent, measurable social responsibility embedded in AI lifecycle.", 
55,"12, 26",confirmed,Organizational,Ethical Culture and Continuous Improvement,N/A,N/A,,,,,,,To what extent does the company promote an ethical culture and mechanisms for continuous improvement in AI practices?,No ethics framework or oversight.,Awareness of AI ethics but no formal policy.,Defined AI ethics policy; limited enforcement.,Active ethics committee and continuous review process.,Ethics-by-design embedded across lifecycle; continuous learning and audits applied., 
56,"1, 3, 17",confirmed,Innovation,Not specifically called out in AI Playbook,Academic relationships- sponsorship and participation at conferences,Academic relationships- sponsorship and participation at conferences,,,,,,,Does the company sponsor or actively participate in AI research conferences and academic partnerships?,No public academic partnerships; no sponsorships; 0 co‑authored papers or joint labs.,1–2 ad‑hoc sponsorships/guest talks; 0–1 co‑authored paper; no formal MoU or joint lab; limited internships.,3–5 active collaborations or recurring sponsorships; ≥1 co‑authored paper or joint project; speaker/panel slots at recognized AI/telco events; 2–5 internships.,6–10 collaborations including ≥1 joint lab/MoU; ≥3 co‑authored papers in the last 24 months; repeated presence at NeurIPS/ICLR/KDD/AAAI or MWC/TM Forum/IEEE; scholarship programs.,>10 collaborations incl. multi‑year joint research labs; ≥6 co‑authored papers in the last 24 months; conference committee/organizing roles; joint IP/patents and a publicly announced research agenda., 
57,2,confirmed,Innovation,Not specifically called out in AI Playbook,Number of AI patents (5 years),Number of AI patents (5 years),,,,,,,How many AI-related patents has the company filed or granted in the past 5 years?,0–2 AI patent families.,3–9 families.,10–24 families.,25–49 families.,≥50 families., 
60,3,confirmed,Innovation,Not specifically called out in AI Playbook,Number of AI specific research papers published in the public domain (5 years),Number of AI specific research papers published in the public domain (5 years),,,,,,,How many AI-related research publications has the company released in 5 years?,0–4 papers.,5–14 papers.,15–34 papers.,35–74 papers.,≥75 papers., 
61,,confirmed,Innovation,Not specifically called out in AI Playbook,"Open source- overall engagement with open source development ecosystem, code repositories, open source projects (i.e. GitHub)","Open source- overall engagement with open source development ecosystem, code repositories, open source projects (i.e. GitHub)",,,,,,,To what extent does the company contribute to or lead open source AI projects and repositories?,Internal artificial intelligence code exists only in private repositories; no public repositories; no external visibility or publication process.,"At least 1 public artificial intelligence repository, even if small; irregular updates; basic documentation; no external contributors.","2–3 public repositories with occasional updates (1 per year or more); at least one external signal such as a star, issue, comment, or fork.","3–4 public repositories with periodic updates (at least once a year); at least one project referenced or used by an external developer, partner, or university; cumulative stars ≥5 across all repositories.","More than 4 public repositories with consistent updates; at least two repositories referenced, forked, or used externally; cumulative stars ≥15 across all repositories.", 
62,,confirmed,Strategy,Strategic alignment- aligning growth and margin strategy to needs,,,,x,,,x,,"How explicitly does AI enhance the customer value proposition (e.g., personalization, NPS, retention) and tie to growth/margin outcomes?",No explicit linkage between AI initiatives and customer value; no owned metrics; impact anecdotes only.,"Some qualitative links to CX (e.g., personalization pilots); limited metrics on NPS/retention; isolated case studies.","Defined hypotheses and KPIs (e.g., NPS, churn, ARPU); initial A/B tests show localized gains in ≥1 segment/market.","Programmatic measurement across ≥3 segments/markets; uplift targets embedded in product/CRM plans; ≥2 validated metrics (e.g., +NPS, −churn).","AI‑driven value creation is a core strategy lever; multi‑segment, multi‑market gains sustained (e.g., NPS +10, churn −15% YoY); outcomes drive roadmap & pricing.", 
63,,confirmed,Strategy,Strategic alignment- aligning growth and margin strategy to needs,,,,,,,,,"Evidence that AI strategy targets disruptive differentiation (new AI‑native offerings, pricing models, or channels) beyond efficiency.","Efficiency‑only narrative; no AI‑native business lines, products, or services or monetization ideas.",One‑off ideation sessions; early concepts exist but no validation pipeline.,Disruption opportunities captured in a living backlog; discovery experiments run quarterly; ≥1 concept with customer validation.,Dedicated AI venture/innovation track; staged funding and gates; ≥2 AI‑native offerings in pilot with unit economics tracked. (products/services/business lines),"AI‑native businesses, products, business lines operating at scale; cannibalization managed; disruptive revenue ≥10% of digital revenue with clear growth trajectory.", 
64,,confirmed,Strategy,Trust and change management- secure stakeholder buy-in to drive change,,,x,,,,,,"How clear are cross‑functional roles and responsibilities for AI (business, product, data, risk, legal) from idea to run?",Unclear ownership; hand‑offs ad hoc; decisions centralized or opaque.,"Some role definitions exist (e.g., product/data); risk/legal engaged late.",RACI defined for build/deploy/run; governance touchpoints scheduled; risk/legal involved pre‑deployment on sensitive use cases.,End‑to‑end operating model codified; stage gates with accountable owners; coverage ≥80% of AI use cases.,Operating model measured and improved; role clarity audited; >95% of use cases follow defined RACI with SLA adherence., 
66,,confirmed,Execution,Continuous learning and improvement. Refine models with new attributes and data,,,x,,,,x,,"How systematically are external benchmarks used to drive AI delivery performance (speed, quality, cost) and improvement targets?",No external benchmarking; delivery metrics not defined or inconsistent.,"Occasional peer comparisons; limited metric scope (e.g., only cycle time).","Benchmark set defined (e.g., lead time, failure rate, cost); baseline vs top‑quartile gap analyzed annually.",Targets set vs top‑quartile peers; OKRs tied to gap closure; retrospectives drive actions; measurable YoY improvement.,Continuous benchmarking with automated data feeds; OKRs auto‑updated; sustained top‑quartile performance across ≥4 core metrics., 
67,,confirmed,Execution,Business deployment- integration into on-going operations,,,x,,x,,,,"What business‑visible monitoring exists for models in production (performance, drift, data quality, incidents) and who sees it?",Black‑box models; no dashboards; issues discovered by users.,Basic tech dashboards; business metrics absent; manual checks.,Unified model health views incl. business KPIs; drift/data quality alerts; owners assigned.,"Role‑based real‑time dashboards for business, risk, and ops; coverage ≥80% of prod models; alert‑to‑action workflows with SLA.","Enterprise telemetry embedded; 100% critical models covered; explainability, audit trails, and rollback integrated; exec reviews monthly.", 
68,,confirmed,Execution,Performance and ROI tracking,,,x,x,,,x,,"Is there a standardized, auditable methodology to estimate and realize ROI for AI (ex‑ante and ex‑post)?",No consistent ROI method; impact claimed anecdotally.,Excel‑based TCO/benefit estimates; weak counterfactuals; ex‑post rarely measured.,Standard ROI templates incl. counterfactuals and confidence ranges; ex‑post review required for ≥50% launches.,"ROI approach audited; causal methods (e.g., A/B, diff‑in‑diff); ≥75% launches with verified ex‑post impact; benefits booked in finance.",Portfolio‑level ROI tracked quarterly; forecast vs actual variance ≤10%; ROI learnings feed selection and funding decisions., 
69,,confirmed,Execution,Rollout and Usage,,,x,,x,,,,"How well is delivery aligned with applicable AI/sector regulations during rollout and operation (e.g., DPIA, model cards, DSARs)?",Regulatory obligations unknown; no process or documentation.,Basic policies exist; compliance checks after build; limited evidence.,Rollout checklist includes DPIA/record of processing; model cards for sensitive use cases; DSAR process defined.,Multi‑region obligations mapped; evidence collected in tooling; ≥80% use cases with complete artifacts before go‑live.,Compliance‑by‑design; obligations monitored continuously; audits passed; evidence generated automatically; zero major findings in last 12 months., 
70,,confirmed,Execution,Business deployment- integration into on-going operations,,,x,x,,,,,"Is the AI use‑case portfolio actively balanced by impact, feasibility, risk, and time‑to‑value with stage‑gates?",Opportunistic backlog; no formal prioritization; frequent pivots.,Simple scoring matrix used sporadically; risk dimension implicit.,Multi‑criteria scoring incl. risk and data readiness; quarterly portfolio reviews; clear exit criteria for pilots.,"Targeted portfolio balance (e.g., 60/30/10 horizon mix); capacity allocated by tier; >70% of investments meet stage‑gate thresholds.",Dynamic rebalancing on signal changes; consistent horizon mix achieved; kill rates transparent; value/throughput steadily improves., 
71,,confirmed,Technical,MLOps and Model Management,,,,,x,,,,How mature and reproducible is the model development workflow (from experimentation to CI/CD and release)?,Ad hoc notebooks; environments unmanaged; manual releases.,Partial versioning; some scripted training; basic code review.,Standardized pipelines for train/eval/serve; artifact versioning; reproducible builds.,Full CI/CD for models and data; automated tests (data/robustness); canary releases and rollbacks; ≥80% of models use the workflow.,"End‑to‑end automation incl. feature store, lineage, governance gates; blue‑green/Shadow deploy at scale; 95%+ coverage.", 
72,,confirmed,Technical,Technology & Analytics platforms,,,,,,x,,,"Do users have a governed self‑service data & AI portal/marketplace (catalog, access control, usage analytics)?",No catalog; access via tickets; tribal knowledge.,Basic catalog; manual access approvals; stale metadata.,"Curated catalog with ownership, quality SLAs; role‑based access; usage tracking for popular assets.",Unified portal for data/models/features; approvals automated; lineage visible; >70% requests fulfilled via self‑service.,Marketplace drives network effects; recommendations/rating; policy‑as‑code; >90% requests self‑served with median wait <1h., 
73,,confirmed,Technical,Data Strategy and Architecture,,,,,,x,,,Is there an enterprise‑wide canonical data model that underpins AI/analytics across domains?,No common model; each team crafts its own definitions.,Initial conventions in 1–2 domains; collisions frequent.,Canonical model defined for priority domains; change process exists; mappings to sources documented.,Enterprise model adopted across ≥4 domains; governed extensions; model health KPIs tracked; breaking changes rare.,Canonical model is productized; downstream systems auto‑validated; cross‑company interoperability achieved., 
74,,confirmed,Technical,Data security & Privacy,,,x,,x,x,,,"How complete and enforced are data & model and policies/standards (quality, lineage, privacy, retention, access)?",Policies informal or outdated; violations unmanaged.,Core policies drafted; manual enforcement; training optional.,Approved policies for quality/lineage/privacy/retention/access; owners named; periodic attestation.,Automated policy checks in pipelines; exceptions tracked; ≥80% assets covered; staff trained annually.,Policy‑as‑code across stack; continuous monitoring; >95% coverage; zero critical violations in last 12 months., 
75,,confirmed,Technical,Data integration and interoperability,,,x,,,x,,,"To what extent is metadata (technical + business) captured and used to improve discovery, lineage, and MDM?",Scattered spreadsheets; minimal metadata captured.,Partial technical metadata; business glossary missing.,Central metadata repository; lineage for critical flows; initial business glossary with owners.,End‑to‑end lineage incl. ML features; glossary linked to KPIs; metadata drives impact analysis; ≥80% critical assets covered.,Active metadata; automated enrichment; MDM synchronized; discovery time reduced ≥50%; audit queries answered on demand., 
76,"5,6,7, 28",confirmed,Organizational,Cultural Readiness for Data-Driven Transformation,,,x,x,,,,,Is risk appetite for AI explicitly defined (by domain/use case) and used for approvals and guardrails?,No stated risk appetite; decisions case‑by‑case.,Generic statement exists; not applied in approvals.,"Risk thresholds defined for sensitive areas (e.g., privacy, safety); approvals reference them.",Risk appetite quantified by domain; thresholds tied to controls; exceptions tracked with owner and timeline.,Risk appetite operationalized enterprise‑wide; auto‑checks in workflows; risk profile reported to exec/board., 
77,,confirmed,Organizational,Community and Social Responsibility,,,,,,,,,How visible and concrete is the company’s public advocacy and action on responsible AI (AI‑for‑Good)?,No public position; no initiatives.,High‑level statement on website; isolated volunteer efforts.,Published commitments and KPIs; ≥1 active program; periodic updates.,Multi‑year portfolio with partners; impact metrics reported; external assurance for claims.,"Recognized leader; sustained, measurable social impact; open resources/tools widely used.", 
78,,confirmed,Organizational,AI Literacy and Knowledge Sharing,,,,,,,,,Are role‑based learning paths and curricula established for AI (from execs to engineers) with certification?,Ad hoc trainings; no curriculum; low participation.,Basic courses offered; attendance tracked; no proficiency targets.,"Role‑based curricula (e.g., exec, PM, DS, ops); assessments required; completion targets set.",Certifications recognized; on‑the‑job practice integrated; ≥80% of target roles certified; skills mapped to roles.,Continuous upskilling; paths tied to career progression and performance; skills inventory drives staffing., 
79,,confirmed,Innovation,Not specifically called out in AI Playbook,,,,x,,,,,How structured and scalable is experimentation (PoCs/pilots) with clear success metrics and governance?,Ad hoc PoCs; success undefined; learnings lost.,Basic pilot template; limited metrics; sporadic reviews.,Standard experiment design; predefined success/fail metrics; quarterly review board; ≥50% pilots evaluated.,Scaled pipeline with budgets and gates; ≥75% pilots evaluated; learnings codified and reused.,Experimentation is a core engine; hit rate improving YoY; time‑to‑pilot and time‑to‑production continuously shortened., 
80,,confirmed,Innovation,Not specifically called out in AI Playbook,,,,,,,,,"Are there structured alliances/JVs to accelerate AI value with shared IP, data, or distribution?","0 alliances or joint ventures related to artificial intelligence; only basic vendor or cloud relationships; no shared intellectual property, no shared data, no shared infrastructure.","1–3 non-binding collaboration agreements (memoranda, letters of intent) without financial commitments; no shared assets; no technical output, pilots, or governance structures in the last 24 months.",≥4 binding alliance with formal shared intellectual property terms and financial contribution from both parties; 1 early technical output (prototype or co-developed model) but no customer deployment and limited to one business area or one country.,"5–10 alliances or joint ventures with shared financial risk, joint ownership of intellectual property, and shared data or shared infrastructure; at least 1 joint solution deployed to customers with audited value contribution; execution spans multiple functions or multiple countries.","More than 3 multi-year alliances or joint ventures operating across several countries with co-investment, joint roadmaps, and shared commercial accountability; at least 2 customer-facing joint products that generate material profit-and-loss impact; governed through joint boards, contractual performance reviews, and renewal based on measurable outcomes.", 
81,,confirmed,Innovation,Not specifically called out in AI Playbook,,,,,,,,,"Do standardized, privacy‑preserving data‑sharing mechanisms exist across the ecosystem?",No frameworks; bilateral ad hoc exchanges.,Templates exist but not enforced; legal review each time.,"Frameworks defined (e.g., clean rooms, FL); templates for DPA/DSA; ≥1 partner live.",Multiple partners live; technical & legal controls measured; breaches/incidents monitored with SLA.,Ecosystem‑wide frameworks scaled; automated compliance checks; data‑sharing materially improves model performance and time‑to‑value., 
82,,confirmed,Innovation,Not specifically called out in AI Playbook,,,,,,,,,"Is the firm actively shaping AI standards and regulation via consortia, position papers, and pilots?",No participation; passive observer.,Membership in 1–2 bodies; limited engagement.,Active contributions (papers/working groups); participation in ≥1 standards pilot.,Leadership roles or chair positions; citations; pilots inform internal policies.,Recognized thought leader; influences regulation; measurable advantages from early alignment., 
83,1,confirmed,Innovation,Not specifically called out in AI Playbook,,,,,,,,,"How rigorous is partner/vendor capability assessment (security, compliance, quality, delivery, integration)?",Informal selection; references only.,Checklist exists; limited validation; no scoring.,Structured scoring with weightings; evidence required; ≥1 vendor audit/year.,Risk‑based assessments per use case; red teaming; ≥3 critical vendors audited/year; corrective actions tracked.,"Integrated, continuous assessment; performance‑based contracts; consistent vendor improvements YoY.", 
,,,,,,,,,,,,,,,,,,, 